<?xml version="1.0" encoding="UTF-8"?>

<mule xmlns:vm="http://www.mulesoft.org/schema/mule/vm" xmlns:tracking="http://www.mulesoft.org/schema/mule/ee/tracking" xmlns="http://www.mulesoft.org/schema/mule/core" xmlns:doc="http://www.mulesoft.org/schema/mule/documentation"
	xmlns:spring="http://www.springframework.org/schema/beans" 
	xmlns:xsi="http://www.w3.org/2001/XMLSchema-instance"
	xsi:schemaLocation="http://www.springframework.org/schema/beans http://www.springframework.org/schema/beans/spring-beans-current.xsd
http://www.mulesoft.org/schema/mule/core http://www.mulesoft.org/schema/mule/core/current/mule.xsd
http://www.mulesoft.org/schema/mule/ee/tracking http://www.mulesoft.org/schema/mule/ee/tracking/current/mule-tracking-ee.xsd
http://www.mulesoft.org/schema/mule/vm http://www.mulesoft.org/schema/mule/vm/current/mule-vm.xsd">
    <!--
    <vm:connector name="vm-config-error-logger" validateConnections="true" doc:name="VM"/>
    <vm:connector name="vm-config-event-logger" validateConnections="true" doc:name="VM"/>
    -->
    <flow name="error-logger">
        <vm:inbound-endpoint exchange-pattern="one-way" path="error" connector-ref="vm-error-config" doc:name="VM"/>
        <logger message="Error: #[payload]" level="INFO" doc:name="Logger"/>
    </flow>
    <flow name="event-logger">
        <vm:inbound-endpoint exchange-pattern="one-way" path="event" connector-ref="vm-event-config" doc:name="VM"/>
        <logger message="Event: #[payload]" level="INFO" doc:name="Logger"/>
    </flow>
</mule>
